Name,Ticker,Weight,Industry,Shares Held
APPLE INC,AAPL,0.0675725,Information Technology,190951209
NVIDIA CORP,NVDA,0.0604454,Information Technology,309877671
MICROSOFT CORP,MSFT,0.0600389,Information Technology,93921842
AMAZON.COM INC,AMZN,0.0386850,Consumer Discretionary,118221457
META PLATFORMS INC CLASS A,META,0.0274273,Communication Services,27539456
ALPHABET INC CL A,GOOGL,0.0202759,Communication Services,73814475
BERKSHIRE HATHAWAY INC CL B,BRK.B,0.0197059,Financials,23155758
BROADCOM INC,AVGO,0.0190554,Information Technology,59003310
ALPHABET INC CL C,GOOG,0.0167151,Communication Services,60123808
TESLA INC,TSLA,0.0143310,Consumer Discretionary,35281381
JPMORGAN CHASE + CO,JPM,0.0135172,Financials,35566943
ELI LILLY + CO,LLY,0.0134672,Health Care,9954115
VISA INC CLASS A SHARES,V,0.0121055,Financials,21831861
EXXON MOBIL CORP,XOM,0.0101835,Energy,55525870
UNITEDHEALTH GROUP INC,UNH,0.0094485,Health Care,11626771
MASTERCARD INC   A,MA,0.0090852,Financials,10355775
PROCTER + GAMBLE CO/THE,PG,0.0084656,Consumer Staples,29753372
COSTCO WHOLESALE CORP,COST,0.0084136,Consumer Staples,5597593
JOHNSON + JOHNSON,JNJ,0.0083672,Health Care,30417839
NETFLIX INC,NFLX,0.0081132,Communication Services,5400438
ABBVIE INC,ABBV,0.0079711,Health Care,22326264
WALMART INC,WMT,0.0078205,Consumer Staples,54838923
HOME DEPOT INC,HD,0.0073545,Consumer Discretionary,12549294
COCA COLA CO/THE,KO,0.0057120,Consumer Staples,48972608
BANK OF AMERICA CORP,BAC,0.0056455,Financials,84324120
SALESFORCE INC,CRM,0.0055383,Information Technology,12076340
CHEVRON CORP,CVX,0.0054729,Energy,21110782
MERCK + CO. INC.,MRK,0.0051074,Health Care,31953416
CISCO SYSTEMS INC,CSCO,0.0050704,Information Technology,50349335
ORACLE CORP,ORCL,0.0050593,Information Technology,20302107
PHILIP MORRIS INTERNATIONAL,PM,0.0049879,Consumer Staples,19639103
WELLS FARGO + CO,WFC,0.0048592,Financials,42056956
INTL BUSINESS MACHINES CORP,IBM,0.0048451,Information Technology,11679621
ABBOTT LABORATORIES,ABT,0.0048026,Health Care,21908380
LINDE PLC,LIN,0.0046009,Materials,6014537
MCDONALD S CORP,MCD,0.0045446,Consumer Discretionary,9051537
GENERAL ELECTRIC,GE,0.0044395,Industrials,13670626
PEPSICO INC,PEP,0.0043384,Consumer Staples,17329383
ACCENTURE PLC CL A,ACN,0.0042235,Unknown,7892666
THERMO FISHER SCIENTIFIC INC,TMO,0.0041462,Health Care,4831617
AT+T INC,T,0.0039921,Communication Services,90664291
VERIZON COMMUNICATIONS INC,VZ,0.0039239,Communication Services,53191699
WALT DISNEY CO/THE,DIS,0.0037395,Communication Services,22873633
RTX CORP,RTX,0.0036673,Industrials,16818611
INTUITIVE SURGICAL INC,ISRG,0.0036213,Information Technology,4500436
QUALCOMM INC,QCOM,0.0035974,Information Technology,14028851
AMGEN INC,AMGN,0.0035812,Health Care,6787266
SERVICENOW INC,NOW,0.0035655,Unknown,2602982
ADOBE INC,ADBE,0.0035456,Information Technology,5560270
GOLDMAN SACHS GROUP INC,GS,0.0035121,Financials,3965225
PROGRESSIVE CORP,PGR,0.0034905,Unknown,7402356
PALANTIR TECHNOLOGIES INC A,PLTR,0.0034782,Unknown,25884785
INTUIT INC,INTU,0.0034723,Information Technology,3539297
CATERPILLAR INC,CAT,0.0034294,Industrials,6096446
ADVANCED MICRO DEVICES,AMD,0.0033939,Information Technology,20497297
TEXAS INSTRUMENTS INC,TXN,0.0033771,Unknown,11526702
S+P GLOBAL INC,SPGI,0.0032468,Consumer Staples,4009271
NEXTERA ENERGY INC,NEE,0.0031870,Utilities,25964730
UBER TECHNOLOGIES INC,UBER,0.0031191,Consumer Discretionary,26588309
PFIZER INC,PFE,0.0030914,Health Care,71552477
AMERICAN EXPRESS CO,AXP,0.0030411,Financials,7026962
BOOKING HOLDINGS INC,BKNG,0.0030310,Consumer Discretionary,418104
UNION PACIFIC CORP,UNP,0.0030267,Industrials,7654576
BOSTON SCIENTIFIC CORP,BSX,0.0029952,Unknown,18609059
GILEAD SCIENCES INC,GILD,0.0029918,Unknown,15748921
MORGAN STANLEY,MS,0.0029523,Financials,15663510
HONEYWELL INTERNATIONAL INC,HON,0.0028638,Industrials,8209853
COMCAST CORP CLASS A,CMCSA,0.0028224,Communication Services,48194369
DANAHER CORP,DHR,0.0027955,Unknown,8116208
BLACKROCK INC,BLK,0.0027947,Financials,1838982
VERTEX PHARMACEUTICALS INC,VRTX,0.0027623,Unknown,3254457
TJX COMPANIES INC,TJX,0.0027112,Unknown,14240625
CITIGROUP INC,C,0.0027095,Financials,23880148
LOWE S COS INC,LOW,0.0026915,Unknown,7162525
T MOBILE US INC,TMUS,0.0026907,Communication Services,6153346
SCHWAB (CHARLES) CORP,SCHW,0.0026711,Unknown,21530520
STRYKER CORP,SYK,0.0026588,Unknown,4332101
CONOCOPHILLIPS,COP,0.0026513,Energy,16331837
APPLIED MATERIALS INC,AMAT,0.0026343,Unknown,10409535
BRISTOL MYERS SQUIBB CO,BMY,0.0026050,Health Care,25605655
FISERV INC,FI,0.0025390,Unknown,7182741
BOEING CO/THE,BA,0.0025378,Industrials,9438481
DEERE + CO,DE,0.0025326,Industrials,3212771
MEDTRONIC PLC,MDT,0.0025230,Unknown,16191485
AUTOMATIC DATA PROCESSING,ADP,0.0025092,Unknown,5144270
PALO ALTO NETWORKS INC,PANW,0.0024591,Unknown,8263717
MARSH + MCLENNAN COS,MMC,0.0024062,Unknown,6200578
EATON CORP PLC,ETN,0.0023889,Unknown,4989468
STARBUCKS CORP,SBUX,0.0023196,Consumer Discretionary,14310914
CHUBB LTD,CB,0.0022993,Unknown,4736560
MICRON TECHNOLOGY INC,MU,0.0022414,Unknown,13997491
US DOLLAR,-,0.0022101,Unknown,1309571872
PROLOGIS INC,PLD,0.0021778,Real Estate,11692625
INTEL CORP,INTC,0.0021777,Information Technology,54445452
ANALOG DEVICES INC,ADI,0.0021559,Unknown,6267954
ALTRIA GROUP INC,MO,0.0021141,Unknown,21394582
LOCKHEED MARTIN CORP,LMT,0.0021032,Industrials,2663182
BLACKSTONE INC,BX,0.0021003,Unknown,9115184
SOUTHERN CO/THE,SO,0.0020923,Utilities,13831817
INTERCONTINENTAL EXCHANGE IN,ICE,0.0020709,Unknown,7254715
AMERICAN TOWER CORP,AMT,0.0020698,Real Estate,5902629
LAM RESEARCH CORP,LRCX,0.0020632,Unknown,16243813
ELEVANCE HEALTH INC,ELV,0.0020630,Unknown,2929668
CME GROUP INC,CME,0.0019953,Unknown,4549930
DUKE ENERGY CORP,DUK,0.0019461,Utilities,9754969
KLA CORP,KLAC,0.0019425,Unknown,1688873
THE CIGNA GROUP,CI,0.0018485,Unknown,3510676
NIKE INC  CL B,NKE,0.0018444,Consumer Discretionary,15044879
MONDELEZ INTERNATIONAL INC A,MDLZ,0.0018428,Consumer Staples,16879347
WELLTOWER INC,WELL,0.0018405,Real Estate,7475312
AON PLC CLASS A,AON,0.0018180,Unknown,2732656
UNITED PARCEL SERVICE CL B,UPS,0.0017973,Unknown,9241940
ARISTA NETWORKS INC,ANET,0.0017639,Unknown,13041927
CVS HEALTH CORP,CVS,0.0017634,Unknown,15891706
GE VERNOVA INC,GEV,0.0017633,Unknown,3479971
MCKESSON CORP,MCK,0.0017409,Unknown,1602541
WASTE MANAGEMENT INC,WM,0.0017317,Unknown,4614312
ARTHUR J GALLAGHER + CO,AJG,0.0017181,Unknown,3153249
EQUINIX INC,EQIX,0.0017145,Unknown,1218186
3M CO,MMM,0.0016967,Industrials,6881128
SHERWIN WILLIAMS CO/THE,SHW,0.0016903,Materials,2927728
CROWDSTRIKE HOLDINGS INC   A,CRWD,0.0016488,Unknown,2938043
TRANE TECHNOLOGIES PLC,TT,0.0016262,Unknown,2843231
PARKER HANNIFIN CORP,PH,0.0016227,Unknown,1625073
TRANSDIGM GROUP INC,TDG,0.0015951,Unknown,710493
O REILLY AUTOMOTIVE INC,ORLY,0.0015878,Unknown,729599
AMPHENOL CORP CL A,APH,0.0015826,Unknown,15217884
COLGATE PALMOLIVE CO,CL,0.0015770,Unknown,10322961
KKR + CO INC,KKR,0.0015636,Unknown,8523823
ZOETIS INC,ZTS,0.0015400,Unknown,5700886
REGENERON PHARMACEUTICALS,REGN,0.0015281,Unknown,1330315
MOTOROLA SOLUTIONS INC,MSI,0.0014719,Unknown,2111549
MOODY S CORP,MCO,0.0014535,Unknown,1967238
EOG RESOURCES INC,EOG,0.0014525,Energy,7107649
WILLIAMS COS INC,WMB,0.0014470,Unknown,15398085
GENERAL DYNAMICS CORP,GD,0.0014359,Unknown,3257923
ILLINOIS TOOL WORKS,ITW,0.0014348,Unknown,3395721
NORTHROP GRUMMAN CORP,NOC,0.0014330,Consumer Staples,1730754
PAYPAL HOLDINGS INC,PYPL,0.0014306,Information Technology,12668418
PNC FINANCIAL SERVICES GROUP,PNC,0.0014286,Unknown,5013616
CHIPOTLE MEXICAN GRILL INC,CMG,0.0014160,Unknown,17218250
CADENCE DESIGN SYS INC,CDNS,0.0014128,Unknown,3465440
SYNOPSYS INC,SNPS,0.0014038,Unknown,1940812
CONSTELLATION ENERGY,CEG,0.0013993,Unknown,3950591
CINTAS CORP,CTAS,0.0013921,Unknown,4328208
AIR PRODUCTS + CHEMICALS INC,APD,0.0013882,Materials,2808719
BECTON DICKINSON AND CO,BDX,0.0013727,Unknown,3650820
US BANCORP,USB,0.0013599,Unknown,19690858
CAPITAL ONE FINANCIAL CORP,COF,0.0013504,Unknown,4816616
ECOLAB INC,ECL,0.0013495,Unknown,3184439
EMERSON ELECTRIC CO,EMR,0.0013279,Unknown,7205106
ROPER TECHNOLOGIES INC,ROP,0.0012872,Unknown,1354950
AUTOZONE INC,AZO,0.0012770,Unknown,213401
FORTINET INC,FTNT,0.0012674,Unknown,8038704
APOLLO GLOBAL MANAGEMENT INC,APO,0.0012416,Unknown,5648637
TRAVELERS COS INC/THE,TRV,0.0012391,Unknown,2868589
ONEOK INC,OKE,0.0012374,Unknown,7841704
BANK OF NEW YORK MELLON CORP,BK,0.0012352,Unknown,9187460
HCA HEALTHCARE INC,HCA,0.0012242,Unknown,2304377
SCHLUMBERGER LTD,SLB,0.0012026,Energy,17844945
CSX CORP,CSX,0.0011980,Unknown,24368294
AMERICAN ELECTRIC POWER,AEP,0.0011839,Utilities,6729579
MARRIOTT INTERNATIONAL  CL A,MAR,0.0011674,Unknown,2914986
FEDEX CORP,FDX,0.0011551,Industrials,2840264
HILTON WORLDWIDE HOLDINGS IN,HLT,0.0011529,Unknown,3080232
FREEPORT MCMORAN INC,FCX,0.0011510,Materials,18147369
CARRIER GLOBAL CORP,CARR,0.0011433,Unknown,10543780
ALLSTATE CORP,ALL,0.0011408,Unknown,3346404
AUTODESK INC,ADSK,0.0011321,Unknown,2716499
AFLAC INC,AFL,0.0011207,Unknown,6317981
TRUIST FINANCIAL CORP,TFC,0.0011177,Unknown,16774850
NEWMONT CORP,NEM,0.0011083,Materials,14386123
GENERAL MOTORS CO,GM,0.0011047,Unknown,13894781
JOHNSON CONTROLS INTERNATION,JCI,0.0011035,Health Care,8441543
AIRBNB INC CLASS A,ABNB,0.0011020,Unknown,5469763
PACCAR INC,PCAR,0.0010996,Unknown,6620023
NORFOLK SOUTHERN CORP,NSC,0.0010986,Utilities,2858835
ROYAL CARIBBEAN CRUISES LTD,RCL,0.0010966,Unknown,3125404
KINDER MORGAN INC,KMI,0.0010940,Unknown,24423907
NXP SEMICONDUCTORS NV,NXPI,0.0010894,Unknown,3211254
AMERICAN INTERNATIONAL GROUP,AIG,0.0010849,Unknown,7882464
PHILLIPS 66,PSX,0.0010790,Energy,5218902
WORKDAY INC CLASS A,WDAY,0.0010775,Unknown,2691375
HOWMET AEROSPACE INC,HWM,0.0010637,Unknown,5133850
SIMON PROPERTY GROUP INC,SPG,0.0010416,Real Estate,3869943
REALTY INCOME CORP,O,0.0010410,Real Estate,11042551
TARGET CORP,TGT,0.0010267,Unknown,5821418
KIMBERLY CLARK CORP,KMB,0.0009967,Unknown,4213996
REPUBLIC SERVICES INC,RSG,0.0009954,Unknown,2572447
PUBLIC STORAGE,PSA,0.0009845,Real Estate,1991740
PAYCHEX INC,PAYX,0.0009806,Unknown,4047227
COPART INC,CPRT,0.0009778,Unknown,11077828
AMERIPRISE FINANCIAL INC,AMP,0.0009772,Unknown,1225917
DOMINION ENERGY INC,D,0.0009690,Utilities,10614873
METLIFE INC,MET,0.0009638,Unknown,7349746
DIGITAL REALTY TRUST INC,DLR,0.0009623,Unknown,3939840
CENCORA INC,COR,0.0009559,Unknown,2212441
KENVUE INC,KVUE,0.0009478,Unknown,24227534
MARATHON PETROLEUM CORP,MPC,0.0009391,Energy,4061223
KROGER CO,KR,0.0009383,Unknown,8411340
EXELON CORP,EXC,0.0009323,Utilities,12707777
CUMMINS INC,CMI,0.0009157,Unknown,1733850
SEMPRA,SRE,0.0009156,Utilities,7996081
YUM  BRANDS INC,YUM,0.0009131,Unknown,3526429
MSCI INC,MSCI,0.0009049,Unknown,990266
FAIR ISAAC CORP,FICO,0.0009046,Unknown,307431
WW GRAINGER INC,GWW,0.0009012,Unknown,559980
TE CONNECTIVITY PLC,TEL,0.0009010,Unknown,3780489
FASTENAL CO,FAST,0.0009003,Unknown,7239386
BAKER HUGHES CO,BKR,0.0008809,Unknown,12504260
ROSS STORES INC,ROST,0.0008724,Unknown,4192255
VERISK ANALYTICS INC,VRSK,0.0008705,Unknown,1784350
CROWN CASTLE INC,CCI,0.0008668,Real Estate,5491592
CORTEVA INC,CTVA,0.0008588,Unknown,8684809
VISTRA CORP,VST,0.0008562,Unknown,4299257
EDWARDS LIFESCIENCES CORP,EW,0.0008547,Unknown,7453208
L3HARRIS TECHNOLOGIES INC,LHX,0.0008541,Unknown,2396543
DISCOVER FINANCIAL SERVICES,DFS,0.0008527,Unknown,3172972
AMETEK INC,AME,0.0008514,Unknown,2922916
TARGA RESOURCES CORP,TRGP,0.0008503,Unknown,2755309
VALERO ENERGY CORP,VLO,0.0008493,Energy,4000402
OTIS WORLDWIDE CORP,OTIS,0.0008486,Unknown,5047844
HESS CORP,HES,0.0008483,Unknown,3492351
PUBLIC SERVICE ENTERPRISE GP,PEG,0.0008473,Unknown,6295857
KEURIG DR PEPPER INC,KDP,0.0008445,Unknown,15113361
XCEL ENERGY INC,XEL,0.0008340,Unknown,7256694
UNITED RENTALS INC,URI,0.0008320,Unknown,829648
COGNIZANT TECH SOLUTIONS A,CTSH,0.0008283,Unknown,6265235
AXON ENTERPRISE INC,AXON,0.0008262,Unknown,915789
MONSTER BEVERAGE CORP,MNST,0.0008115,Unknown,8848513
FIDELITY NATIONAL INFO SERV,FIS,0.0008008,Unknown,6802643
PRUDENTIAL FINANCIAL INC,PRU,0.0007974,Unknown,4498302
GE HEALTHCARE TECHNOLOGY,GEHC,0.0007937,Unknown,5773633
FORD MOTOR CO,F,0.0007933,Unknown,49325229
QUANTA SERVICES INC,PWR,0.0007867,Unknown,1862473
CBRE GROUP INC   A,CBRE,0.0007813,Unknown,3801086
DR HORTON INC,DHI,0.0007793,Unknown,3685413
CONSOLIDATED EDISON INC,ED,0.0007732,Unknown,4380905
P G + E CORP,PCG,0.0007646,Consumer Staples,27625809
SYSCO CORP,SYY,0.0007612,Unknown,6207465
ENTERGY CORP,ETR,0.0007573,Unknown,5416528
CORNING INC,GLW,0.0007494,Unknown,9737425
LULULEMON ATHLETICA INC,LULU,0.0007458,Unknown,1426949
GARTNER INC,IT,0.0007424,Unknown,973129
ARCH CAPITAL GROUP LTD,ACGL,0.0007225,Unknown,4734829
HARTFORD INSURANCE GROUP INC,HIG,0.0007203,Unknown,3663304
AGILENT TECHNOLOGIES INC,A,0.0007190,Unknown,3630846
CHARTER COMMUNICATIONS INC A,CHTR,0.0007124,Unknown,1222037
TAKE TWO INTERACTIVE SOFTWRE,TTWO,0.0007096,Unknown,2064764
IDEXX LABORATORIES INC,IDXX,0.0007094,Unknown,1034601
VICI PROPERTIES INC,VICI,0.0007093,Unknown,13321165
WEC ENERGY GROUP INC,WEC,0.0007091,Unknown,3997549
GENERAL MILLS INC,GIS,0.0007086,Unknown,7015377
ELECTRONIC ARTS INC,EA,0.0007009,Unknown,3015579
RESMED INC,RMD,0.0006878,Unknown,1854722
INGERSOLL RAND INC,IR,0.0006876,Unknown,5092699
WILLIS TOWERS WATSON PLC,WTW,0.0006854,Unknown,1272641
GARMIN LTD,GRMN,0.0006834,Unknown,1940958
COSTAR GROUP INC,CSGP,0.0006777,Unknown,5322622
IQVIA HOLDINGS INC,IQV,0.0006671,Unknown,2178539
DUPONT DE NEMOURS INC,DD,0.0006666,Materials,5272472
OCCIDENTAL PETROLEUM CORP,OXY,0.0006543,Energy,8529575
EBAY INC,EBAY,0.0006534,Unknown,6053174
OLD DOMINION FREIGHT LINE,ODFL,0.0006531,Utilities,2374288
CARDINAL HEALTH INC,CAH,0.0006517,Unknown,3057917
NUCOR CORP,NUE,0.0006488,Materials,2967129
HUMANA INC,HUM,0.0006465,Unknown,1521754
WABTEC CORP,WAB,0.0006461,Unknown,2172005
EXTRA SPACE STORAGE INC,EXR,0.0006460,Unknown,2679098
NASDAQ INC,NDAQ,0.0006348,Unknown,5228960
VULCAN MATERIALS CO,VMC,0.0006339,Unknown,1669119
AVALONBAY COMMUNITIES INC,AVB,0.0006295,Unknown,1794539
XYLEM INC,XYL,0.0006269,Unknown,3070088
EQUIFAX INC,EFX,0.0006262,Unknown,1567435
CENTENE CORP,CNC,0.0006241,Unknown,6379809
EQT CORP,EQT,0.0006205,Unknown,7525169
ROCKWELL AUTOMATION INC,ROK,0.0006145,Unknown,1426263
MARTIN MARIETTA MATERIALS,MLM,0.0006062,Unknown,772382
DELL TECHNOLOGIES  C,DELL,0.0006057,Unknown,3881810
CONSTELLATION BRANDS INC A,STZ,0.0006046,Unknown,1972953
M + T BANK CORP,MTB,0.0006033,Unknown,2097054
DELTA AIR LINES INC,DAL,0.0006005,Unknown,8101490
BROWN + BROWN INC,BRO,0.0005967,Unknown,2999841
MONOLITHIC POWER SYSTEMS INC,MPWR,0.0005946,Unknown,616742
MICROCHIP TECHNOLOGY INC,MCHP,0.0005943,Unknown,6786179
VENTAS INC,VTR,0.0005937,Unknown,5301431
AMERICAN WATER WORKS CO INC,AWK,0.0005925,Unknown,2463161
LENNAR CORP A,LEN,0.0005924,Unknown,3017341
ANSYS INC,ANSS,0.0005921,Unknown,1104703
TRACTOR SUPPLY COMPANY,TSCO,0.0005885,Unknown,6750226
DTE ENERGY COMPANY,DTE,0.0005862,Unknown,2617268
DIAMONDBACK ENERGY INC,FANG,0.0005811,Unknown,2361524
HP INC,HPQ,0.0005736,Unknown,12177627
CHURCH + DWIGHT CO INC,CHD,0.0005723,Unknown,3089504
DEXCOM INC,DXCM,0.0005705,Unknown,4936032
KRAFT HEINZ CO/THE,KHC,0.0005683,Unknown,11154210
INTERNATIONAL PAPER CO,IP,0.0005640,Unknown,6633073
BROADRIDGE FINANCIAL SOLUTIO,BR,0.0005629,Unknown,1478672
AMEREN CORPORATION,AEE,0.0005577,Unknown,3373115
PPG INDUSTRIES INC,PPG,0.0005509,Unknown,2931268
KEYSIGHT TECHNOLOGIES IN,KEYS,0.0005483,Unknown,2192908
RAYMOND JAMES FINANCIAL INC,RJF,0.0005456,Unknown,2312458
HERSHEY CO/THE,HSY,0.0005418,Unknown,1867055
DOW INC,DOW,0.0005409,Materials,8846742
METTLER TOLEDO INTERNATIONAL,MTD,0.0005403,Unknown,266349
PPL CORP,PPL,0.0005375,Unknown,9325454
FIFTH THIRD BANCORP,FITB,0.0005360,Unknown,8473099
IRON MOUNTAIN INC,IRM,0.0005326,Unknown,3708011
FORTIVE CORP,FTV,0.0005314,Unknown,4384183
STATE STREET CORP,STT,0.0005281,Unknown,3704096
DOVER CORP,DOV,0.0005182,Unknown,1733941
GODADDY INC   CLASS A,GDDY,0.0005164,Unknown,1774437
VERALTO CORP,VLTO,0.0005048,Unknown,3124681
TYLER TECHNOLOGIES INC,TYL,0.0005046,Unknown,540289
TEXAS PACIFIC LAND CORP,TPL,0.0005040,Unknown,237965
GLOBAL PAYMENTS INC,GPN,0.0004990,Unknown,3216256
EQUITY RESIDENTIAL,EQR,0.0004961,Unknown,4304875
SBA COMMUNICATIONS CORP,SBAC,0.0004907,Unknown,1355134
UNITED AIRLINES HOLDINGS INC,UAL,0.0004902,Unknown,4155472
CORPAY INC,CPAY,0.0004876,Unknown,879666
ATMOS ENERGY CORP,ATO,0.0004867,Unknown,1961367
ARCHER DANIELS MIDLAND CO,ADM,0.0004818,Unknown,6041947
CENTERPOINT ENERGY INC,CNP,0.0004810,Unknown,8235223
CBOE GLOBAL MARKETS INC,CBOE,0.0004792,Unknown,1319965
TELEDYNE TECHNOLOGIES INC,TDY,0.0004777,Unknown,588478
CINCINNATI FINANCIAL CORP,CINF,0.0004722,Unknown,1970409
KELLANOVA,K,0.0004720,Unknown,3398051
WARNER BROS DISCOVERY INC,WBD,0.0004708,Unknown,28209115
DEVON ENERGY CORP,DVN,0.0004700,Unknown,8300693
EVERSOURCE ENERGY,ES,0.0004697,Unknown,4630227
STERIS PLC,STE,0.0004689,Unknown,1248967
NVR INC,NVR,0.0004662,Unknown,38735
CDW CORP/DE,CDW,0.0004646,Unknown,1683648
WATERS CORP,WAT,0.0004616,Unknown,750411
EDISON INTERNATIONAL,EIX,0.0004610,Unknown,4892265
SMURFIT WESTROCK PLC,SW,0.0004581,Unknown,6249722
CMS ENERGY CORP,CMS,0.0004581,Unknown,3775859
ZIMMER BIOMET HOLDINGS INC,ZBH,0.0004567,Unknown,2515571
HALLIBURTON CO,HAL,0.0004560,Unknown,11100921
DARDEN RESTAURANTS INC,DRI,0.0004539,Unknown,1484720
WEYERHAEUSER CO,WY,0.0004486,Unknown,9181203
HUNTINGTON BANCSHARES INC,HBAN,0.0004425,Unknown,18358754
PULTEGROUP INC,PHM,0.0004422,Unknown,2591886
BIOGEN INC,BIIB,0.0004351,Unknown,1841627
MCCORMICK + CO NON VTG SHRS,MKC,0.0004329,Unknown,3177009
INTL FLAVORS + FRAGRANCES,IFF,0.0004317,Unknown,3230576
SYNCHRONY FINANCIAL,SYF,0.0004310,Unknown,4920013
T ROWE PRICE GROUP INC,TROW,0.0004301,Unknown,2807670
FIRSTENERGY CORP,FE,0.0004270,Unknown,6464336
CARNIVAL CORP,CCL,0.0004236,Unknown,13126284
LABCORP HOLDINGS INC,LH,0.0004203,Unknown,1056784
COTERRA ENERGY INC,CTRA,0.0004198,Unknown,9308070
SUPER MICRO COMPUTER INC,SMCI,0.0004197,Unknown,6363488
VERISIGN INC,VRSN,0.0004118,Unknown,1044730
EXPEDIA GROUP INC,EXPE,0.0004115,Unknown,1551870
HEWLETT PACKARD ENTERPRISE,HPE,0.0004091,Unknown,16410331
REGIONS FINANCIAL CORP,RF,0.0004039,Unknown,11485004
NORTHERN TRUST CORP,NTRS,0.0004031,Unknown,2505160
LYONDELLBASELL INDU CL A,LYB,0.0004023,Unknown,3283207
MID AMERICA APARTMENT COMM,MAA,0.0004020,Unknown,1472725
QUEST DIAGNOSTICS INC,DGX,0.0004019,Unknown,1410606
INVITATION HOMES INC,INVH,0.0003996,Unknown,7199327
WR BERKLEY CORP,WRB,0.0003976,Unknown,3807812
SOUTHWEST AIRLINES CO,LUV,0.0003971,Unknown,7589168
ESSEX PROPERTY TRUST INC,ESS,0.0003963,Unknown,813533
NETAPP INC,NTAP,0.0003933,Unknown,2587330
PTC INC,PTC,0.0003928,Unknown,1518305
NRG ENERGY INC,NRG,0.0003928,Unknown,2559602
CLOROX COMPANY,CLX,0.0003880,Unknown,1564315
LIVE NATION ENTERTAINMENT IN,LYV,0.0003876,Unknown,1983407
SEAGATE TECHNOLOGY HOLDINGS,STX,0.0003851,Unknown,2665126
NISOURCE INC,NI,0.0003849,Unknown,5898199
ON SEMICONDUCTOR,ON,0.0003827,Unknown,5380230
LENNOX INTERNATIONAL INC,LII,0.0003820,Unknown,405281
HUBBELL INC,HUBB,0.0003800,Unknown,678632
MOLINA HEALTHCARE INC,MOH,0.0003796,Unknown,723121
DECKERS OUTDOOR CORP,DECK,0.0003792,Unknown,1919511
BAXTER INTERNATIONAL INC,BAX,0.0003769,Unknown,6463855
LEIDOS HOLDINGS INC,LDOS,0.0003768,Unknown,1685696
DOLLAR GENERAL CORP,DG,0.0003737,Unknown,2769578
CITIZENS FINANCIAL GROUP,CFG,0.0003734,Unknown,5568840
STEEL DYNAMICS INC,STLD,0.0003721,Unknown,1788897
INSULET CORP,PODD,0.0003649,Unknown,883575
TYSON FOODS INC CL A,TSN,0.0003645,Unknown,3599805
SNAP ON INC,SNA,0.0003630,Unknown,663572
PACKAGING CORP OF AMERICA,PKG,0.0003627,Unknown,1126443
PRINCIPAL FINANCIAL GROUP,PFG,0.0003615,Unknown,2659341
GENUINE PARTS CO,GPC,0.0003542,Unknown,1757121
EXPEDITORS INTL WASH INC,EXPD,0.0003477,Unknown,1768513
TAPESTRY INC,TPR,0.0003465,Unknown,2944774
FACTSET RESEARCH SYSTEMS INC,FDS,0.0003461,Unknown,479742
WEST PHARMACEUTICAL SERVICES,WST,0.0003457,Unknown,915539
TRIMBLE INC,TRMB,0.0003448,Unknown,3077169
ALLIANT ENERGY CORP,LNT,0.0003412,Unknown,3248786
OMNICOM GROUP,OMC,0.0003307,Unknown,2465536
COOPER COS INC/THE,COO,0.0003292,Unknown,2509530
LOEWS CORP,L,0.0003267,Unknown,2283826
EVERGY INC,EVRG,0.0003255,Unknown,2895123
BALL CORP,BALL,0.0003244,Unknown,3771060
ESTEE LAUDER COMPANIES CL A,EL,0.0003230,Unknown,2951118
ALEXANDRIA REAL ESTATE EQUIT,ARE,0.0003205,Unknown,1965013
EVEREST GROUP LTD,EG,0.0003203,Unknown,542893
KEYCORP,KEY,0.0003203,Unknown,12526026
F5 INC,FFIV,0.0003188,Unknown,733911
MASCO CORP,MAS,0.0003185,Unknown,2726387
LAS VEGAS SANDS CORP,LVS,0.0003175,Unknown,4398021
ULTA BEAUTY INC,ULTA,0.0003161,Unknown,595601
JACOBS SOLUTIONS INC,J,0.0003160,Unknown,1570046
DOMINO S PIZZA INC,DPZ,0.0003143,Unknown,436137
JABIL INC,JBL,0.0003140,Unknown,1425602
APTIV PLC,APTV,0.0003116,Unknown,2969851
WESTERN DIGITAL CORP,WDC,0.0003099,Unknown,4368265
GEN DIGITAL INC,GEN,0.0003049,Unknown,6860742
ROLLINS INC,ROL,0.0003046,Unknown,3557885
FIRST SOLAR INC,FSLR,0.0003032,Unknown,1352841
BUILDERS FIRSTSOURCE INC,BLDR,0.0003015,Unknown,1454611
AVERY DENNISON CORP,AVY,0.0003013,Unknown,1015024
HOLOGIC INC,HOLX,0.0002998,Unknown,2926141
HEALTHPEAK PROPERTIES INC,DOC,0.0002988,Unknown,8838251
ZEBRA TECHNOLOGIES CORP CL A,ZBRA,0.0002980,Unknown,649842
AMCOR PLC,AMCR,0.0002975,Unknown,18306497
TERADYNE INC,TER,0.0002964,Unknown,2058159
PENTAIR PLC,PNR,0.0002960,Unknown,2087757
BEST BUY CO INC,BBY,0.0002930,Unknown,2469217
KIMCO REALTY CORP,KIM,0.0002883,Unknown,8485753
IDEX CORP,IEX,0.0002870,Unknown,954132
REVVITY INC,RVTY,0.0002864,Unknown,1538307
DOLLAR TREE INC,DLTR,0.0002851,Unknown,2559143
CF INDUSTRIES HOLDINGS INC,CF,0.0002851,Unknown,2198676
TEXTRON INC,TXT,0.0002847,Unknown,2344180
JACK HENRY + ASSOCIATES INC,JKHY,0.0002733,Unknown,923491
UDR INC,UDR,0.0002730,Unknown,3801215
CAMDEN PROPERTY TRUST,CPT,0.0002662,Information Technology,1351014
CONAGRA BRANDS INC,CAG,0.0002627,Unknown,6031341
STANLEY BLACK + DECKER INC,SWK,0.0002614,Unknown,1950559
POOL CORP,POOL,0.0002601,Unknown,480558
JM SMUCKER CO/THE,SJM,0.0002544,Unknown,1348579
HUNT (JB) TRANSPRT SVCS INC,JBHT,0.0002539,Unknown,1006753
AKAMAI TECHNOLOGIES INC,AKAM,0.0002520,Unknown,1898007
JUNIPER NETWORKS INC,JNPR,0.0002503,Unknown,4170356
MODERNA INC,MRNA,0.0002480,Unknown,4284228
REGENCY CENTERS CORP,REG,0.0002458,Unknown,2068647
C.H. ROBINSON WORLDWIDE INC,CHRW,0.0002415,Unknown,1485593
FOX CORP   CLASS A,FOXA,0.0002407,Unknown,2794613
ALIGN TECHNOLOGY INC,ALGN,0.0002393,Unknown,883523
NORDSON CORP,NDSN,0.0002340,Unknown,686480
INCYTE CORP,INCY,0.0002314,Unknown,2024497
ALLEGION PLC,ALLE,0.0002308,Unknown,1098392
SKYWORKS SOLUTIONS INC,SWKS,0.0002294,Unknown,2022857
VIATRIS INC,VTRS,0.0002291,Unknown,15116601
LKQ CORP,LKQ,0.0002289,Unknown,3285066
CARMAX INC,KMX,0.0002288,Unknown,1957594
ERIE INDEMNITY COMPANY CL A,ERIE,0.0002233,Unknown,316385
ASSURANT INC,AIZ,0.0002231,Unknown,647978
PINNACLE WEST CAPITAL,PNW,0.0002229,Unknown,1438500
EASTMAN CHEMICAL CO,EMN,0.0002218,Unknown,1464613
BUNGE GLOBAL SA,BG,0.0002191,Unknown,1764334
MOLSON COORS BEVERAGE CO   B,TAP,0.0002189,Unknown,2207450
GLOBE LIFE INC,GL,0.0002183,Unknown,1060417
EPAM SYSTEMS INC,EPAM,0.0002178,Unknown,716405
HOST HOTELS + RESORTS INC,HST,0.0002165,Unknown,8833231
SOLVENTUM CORP,SOLV,0.0002135,Unknown,1749485
NEWS CORP   CLASS A,NWSA,0.0002126,Unknown,4792277
PAYCOM SOFTWARE INC,PAYC,0.0002093,Unknown,611478
INTERPUBLIC GROUP OF COS INC,IPG,0.0002073,Unknown,4707182
UNIVERSAL HEALTH SERVICES B,UHS,0.0002055,Unknown,742352
BIO TECHNE CORP,TECH,0.0002017,Unknown,1996272
BXP INC,BXP,0.0001987,Unknown,1840763
AES CORP,AES,0.0001866,Unknown,9004276
RALPH LAUREN CORP,RL,0.0001858,Unknown,507988
HENRY SCHEIN INC,HSIC,0.0001856,Unknown,1575242
HORMEL FOODS CORP,HRL,0.0001832,Unknown,3680592
CHARLES RIVER LABORATORIES,CRL,0.0001820,Unknown,646160
ALBEMARLE CORP,ALB,0.0001808,Unknown,1488317
DAYFORCE INC,DAY,0.0001755,Unknown,1993059
NORWEGIAN CRUISE LINE HOLDIN,NCLH,0.0001741,Unknown,5568591
WALGREENS BOOTS ALLIANCE INC,WBA,0.0001725,Unknown,9075526
MARKETAXESS HOLDINGS INC,MKTX,0.0001710,Unknown,477766
MOSAIC CO/THE,MOS,0.0001688,Unknown,3990316
ENPHASE ENERGY INC,ENPH,0.0001671,Unknown,1706879
SMITH (A.O.) CORP,AOS,0.0001663,Unknown,1505068
HASBRO INC,HAS,0.0001661,Unknown,1659531
WYNN RESORTS LTD,WYNN,0.0001642,Unknown,1168645
HUNTINGTON INGALLS INDUSTRIE,HII,0.0001638,Unknown,496520
GENERAC HOLDINGS INC,GNRC,0.0001621,Unknown,751850
THE CAMPBELL S COMPANY,CPB,0.0001611,Unknown,2481970
MATCH GROUP INC,MTCH,0.0001611,Unknown,3173241
FEDERAL REALTY INVS TRUST,FRT,0.0001535,Unknown,960189
APA CORP,APA,0.0001505,Unknown,4684824
PARAMOUNT GLOBAL CLASS B,PARA,0.0001480,Unknown,7532425
LAMB WESTON HOLDINGS INC,LW,0.0001480,Unknown,1802105
MGM RESORTS INTERNATIONAL,MGM,0.0001455,Unknown,2859350
INVESCO LTD,IVZ,0.0001438,Unknown,5698881
DAVITA INC,DVA,0.0001358,Unknown,570344
BROWN FORMAN CORP CLASS B,BF.B,0.0001350,Unknown,2301331
TELEFLEX INC,TFX,0.0001349,Unknown,586609
FOX CORP   CLASS B,FOX,0.0001329,Unknown,1671455
BORGWARNER INC,BWA,0.0001296,Unknown,2763951
FRANKLIN RESOURCES INC,BEN,0.0001248,Unknown,3908807
MOHAWK INDUSTRIES INC,MHK,0.0001243,Unknown,663788
CELANESE CORP,CE,0.0001240,Unknown,1383364
CAESARS ENTERTAINMENT INC,CZR,0.0001207,Unknown,2685071
FMC CORP,FMC,0.0001078,Unknown,1581247
NEWS CORP   CLASS B,NWS,0.0000722,Unknown,1421638
SANDISK CORP,SNDK,0.0000000,Unknown,0.665